,heading,date,link
0,"Response to Student Queries Regarding Automatic Elective Course AllotmentPublished By:  KHUSHIL KUMAR SAINI, NSIT ADMIN, CIMS",19-12-2018,https://docs.google.com/document/d/1Us2dkHjck6zvNQSVkVe8iIKFGHAIsUNI9djmddVF7vQ/edit?usp=sharing
1,"B.E 6th Sem ED/EG/EO Course Allotment List for even Sem Jan 2019Published By:  ABHISHEK FAUJDAR, SENIOR SYSTEM ANALYST, CIMS",19-12-2018,https://www.imsnsit.org/imsnsit/plum_url.php?BU8wS/J611x4dDAiZCN2Hm8yKjoJULFhHAyKWjTNQjiAt3k0iArlFfheCfWZtEOo0MBWyhuUktpvT4R0X/6ulgdqAOLWVBlxMH71gf7CGZoAHqhGAp5Q+OUd0uQoJ/mf+7L9C4p99Pc5AlIFRfdUMJPZWiy5rqGI+6awfbPC6mWJZZ3iTPXnXq8WpHvvI3OE6oxID2feRE/rgGDQw0tWlw==
2,"List of BE 1st, 2nd, 3rd Year Students who did not Pay Hostel and / or Mess Fee till 7 AM on 18 Dec 2018Published By:  KHUSHIL KUMAR SAINI, NSIT ADMIN, CIMS",18-12-2018,https://www.imsnsit.org/imsnsit/plum_url.php?dbBYpckW5gZyW0RC2y6K0BBdKzOIbiDuTbLVW1WT1uQed/OykO97Jn282+tluI318zZTL8oIXNkIETuSc+uj1Jwyp/icpbvdBw1vMXHDBl9OJLPqjlvGxgqNbeG4feJiXpvaIN6Hu3o12pYskNdZxaCShnXeCqnEAB2BRxuduP38youOYs3gZdhwHl0BlaEF/ECotdRPeBu2r+OJKWrk6g==
3,"List of Students Who have done Online Registration  but did not Pay Hostel and / or Mess Fee till 8:30 PM on 15 Dec 2018Published By:  KHUSHIL KUMAR SAINI, NSIT ADMIN, CIMS",15-12-2018,https://www.imsnsit.org/imsnsit/plum_url.php?gaYGFXoUmO5auDrU3HqP+h38dGruQjtMRcRAy+AW2ug2qSq7YZ0WWQIARGi6QOcDjxIxAGa+ws7WePeGiB2eOem6qUTgc32kstAUn/ENhL3PAsPtbqLgF2Gv/GEJCDu4Q9zFPQRZy+NxqyMexDXdVoGDsiwH7vWpnB4ULSfdEYQH2P5n3hSo/fJ1eiRbBaPIDreBfr7Fg2P1aVLVMS576Q+DAfT5m0zKu2SJXN8F0Uk=
4,"Hostel and Mess Fee Notice for Even Semester 2019Published By: PROF SHREE PRAKASH SINGH, CHIEF WARDEN, HOSTEL",15-12-2018,https://www.imsnsit.org/imsnsit/plum_url.php?5M6AKn8Ofmuf4car4PkKChAb/Fzh9g0DJNmqa0jBpsYzJ1AA81MILIoByLp5cqQUV9v9cwfvv18An5YiTvSpg7v7ra+N43calnZcII1neUi4kVdnNR98Umdn+OeCX9QwK6ITNO4KhGqoH3VxhMDoTHA4Q+TdsPNcMXvodCMZLyofIQ9RjLv8duCIFxkh2Bwx2n+F9fRrjZSH6IQZaRyHmui+ejKNgLo4vpstIvSEhCuYmFh1uZ3TlMnc6ocDo12a
5,"Last Date of Online Registration Extended upto 17th DecPublished By:  KHUSHIL KUMAR SAINI, NSIT ADMIN, CIMS",14-12-2018,https://www.imsnsit.org/imsnsit/plum_url.php?CZMK261Iwef+r1VuS04y3ddTzUnzvynZxN6mxSMvj6R+APiKYVd+MKcMYJqxKVtdbQqcYiK+8r9tpq4HF/tNIPyevwBB8rMENiaivT2mKorRpX0vofApX//mbSwdxnYFbuw1rn5gcUlQZ1uedX/MbKBGrMSB27cfFd6BRZfXUFnvihEt5X3YdnZGwql8BQ2PXo23YXPS6YxNRr9wZqgqHwogtVQRNPwc4BPpTRCvc54=
6,"Reschedule of Walk in interview for Guest FacultyPublished By:  PANKAJ AGGARWAL, ACADEMIC SECTION UG",14-12-2018,https://www.imsnsit.org/imsnsit/plum_url.php?ferRuCX0BcZGOKj9zJ6HT1cO+Jy1W2CW3gFG57R4JcSlCWU8qGPBOpIcfGopz3bLo8TOZlsuKK6/gt6b6D/Fr/gTlDoJq2wNrCIQw2Pl9DZCRUYLYuOrinBld+fmFL1Tqb9gJBrRlt7xhj91CXRV+dvBdmKVeb29RjeBljJtoaBzGiUmYTv+xCsXuo0oizxwYSXZyWYohhV4VAte6+IgWXYoflfcoDK6fTw75Jgt0gs=
7,"UPDATED TIME TABLEPublished By: Prof. ASHA RANI, INSTRUMENTATION AND CONTROL ENGINEERING",13-12-2018,https://www.imsnsit.org/imsnsit/plum_url.php?kxxLPai+bEO0uLfaNF4JSCcEhZEXwjQ2szn+I8DYn7hOvH3RTIPFvk/6XHZlSnKU1S/qo8rbtDAJb/WY0HjbGAfcsnkQCioEz+r3dG0gryB6O3zXtOIVoviGPnv7XCk6+27WFElU5BenfrZLil5pTUEKAkHFkKHE1EoIyQSxfFQ40IrXDGD/mYMbakHdsrqpNbzhWz1Bf1s4DrzxgVJ1VQ==
8,"REVISED TIME TABLE OF ICE DIVISION JAN-JULY 2019Published By: Prof. ASHA RANI, INSTRUMENTATION AND CONTROL ENGINEERING",13-12-2018,https://www.imsnsit.org/imsnsit/plum_url.php?paahS7nq2CPMWpypWKALnZqfsSRGQE/fx40XzkV/BmfKIXXMhLMuk8dD9LQvaChSQC8nC+LHjPhsQfYPOXxuM9PaAN5WTbUix/0/tFmXZsDpn4tkEMa5bkXOrZBUUoS850qOqL4AoMhSl977L6Tmf/sQBxyGBSjo2y7/TEqzSt8IPvb3GH4TXkoUQPwBj2JZO3ovvmadQJJFxdmRs6MspA==
9,"Revised Re-registration Fee of B.Tech/M.tech Students under CBCSPublished By:  ABHISHEK FAUJDAR, SENIOR SYSTEM ANALYST, ACADEMIC SECTION",12/12/2018,https://www.imsnsit.org/imsnsit/plum_url.php?KETm2gHz2nBmYzFBYPIyYUL3toweJzxAaXiq2wNw4IZfyzadR1+rJsnT4dj22r2IgWfOm0PBL6iCwt5OinxItRPf5bEVeWxhY56txaek+cS8rRQxZq1MqvzzMgSfCUQrSZo8GXWBCdsYGVkTYWAN1PqSc8id5jAQJcYP+fi5kHi6Up4Puu58vVH0M2ZrK+6YrtvGbhxumVwvvKNUY5WeTwa7bYkR6IKuXO3wHEfq6xux5az1NtI09xfoZpbwASBQ
10,"Revised Time Table for Even Semester 2019 of IT 2nd, 4th and 6th semestersPublished By: Mr DEVENDER KUMAR YADAV, INFORMATION TECHNOLOGY",12/12/2018,https://www.imsnsit.org/imsnsit/plum_url.php?vL+94GkEyi3ssStiH5YxS1109dqOGnO05Vy75auNpgnH7dzAvfhmRDIn3EzUqArWA2++I89Ho3IYPA1/D8L1Z1E3j7fvfNjiIbs467dQBA7Z1dBxRUr+y0SF31l28WWqY2ace5t9CsbZXFQylT+1kaLHM6oW13vF5l9wNknWXXct3ZA1+zZlYzM1VGiQAzyzevpINQq7LiOIPEyec6JyGg==
11,"Guideline for FE course Re registrationPublished By: Mr. AJAY KUMAR KATARIA, COORDINATOR, DEAN UG STUDIES",12/12/2018,https://www.imsnsit.org/imsnsit/plum_url.php?hLmWtHmG16L/F4hF6IfU3qlFrRzrvPFQX4HYNbVkV7KvUeEldxGdRt5GvZ7gvWXrt2PfNHM5C2f+U+jmbjnCJYZ5gvIeFLn/wOHhEMEveIDtDzqIleO8RwMz4yojm5xSwfINvsk5XWBNTdwq41ZwuqUtUXJ8EdpvJeVR4fggdWUAJNDTo3ZoGcrV8373XPXkSfDcxmJ+hT1i/8qk+bH6Ow==
12,"Important Notice for Registration, ReRegistration, Mess Fee Payment, Last Date of Online RegistrationPublished By:  KHUSHIL KUMAR SAINI, NSIT ADMIN, CIMS",11/12/2018,https://www.imsnsit.org/imsnsit/plum_url.php?zHUC3M52YinnJrtQOwCJIMABMoiCsOSNiz8M2PyMooP2EQDu4x8w/gwAVLJyc2amyU0Vebo10V3jSGBq0uYRKxJ+lO0RDM7EeMe5Jq0tMew/nvnerQSLyCyuQA6ISfOjDpKjut5L1QgRh7GLdjVO3Fp/IbZeoma4IqFHg09AP32gg4c9qGJr3Jd5vKPm3EiV8nn+o2JOPgLKR9c4h+NuzQ==
13,"Foundation Elective Course Time Table for 6th Semester for Re-Appear/Re-Registered StudentsPublished By: Mr. AJAY KUMAR KATARIA, COORDINATOR, DEAN UG STUDIES",10/12/2018,https://www.imsnsit.org/imsnsit/plum_url.php?Jb1EY7VkJOcCkvvHSUFDIeJFnUH3RkovP6ERN4ZBGLXf+Brb6Vn1BgUBIG6hN6OTRDxglpu4uyecAdE7CC+65elNM8G3/8Mub1AQNxe+599Yk/tLnQ4kZakog8IOpcnZwXjA4fbAKvDpzItuVkX4kQNFlO/WKMueK54nQKBnza0PCmgfZMELDlNX1uc+x0FT5krxpZ7MsNq/lZFN1/faUhk4MBTgdzHxcxjUJK2Kyr9BwrPPcjers7aFdvyGNEHD
14,"FE Courses Time Table for Even Semester 2019Published By: Mr. AJAY KUMAR KATARIA, COORDINATOR, DEAN UG STUDIES",10/12/2018,https://www.imsnsit.org/imsnsit/plum_url.php?cGirx8g/daFd0M8FN7UDHI/ulaiiEvTkOQbwFugu4qx+Zm8eFeVAyDfPz4M4WAqH/yC1rz2TMrsh9F8O0PQ9mVnRM2Q5hh3dj7YGWP1DoYiHiG582oPNIKz8lQf35BvE06Iqn3CE9QbdHkaYsrlWztKxfXkX+Kyz14K+kgJWzheOo1fknc/NKAyv5QnGKCIhDlQP2CM5+5LXFUcAnI6HLA==
15,"Revised TIME TABLE (ECE) EVEN SEMESTER 2018-19Published By: DR ANKUR BANSAL, ASSISTANT PROFESSOR, ELECTRONICS AND COMMUNICATION ENGINEERING",8/12/2018,https://www.imsnsit.org/imsnsit/plum_url.php?yUrp0BgvRVFAmWh2vqvzz06jA3UUi0ZNGjvDWCxzw/si5v2mAe9VLXv8xHoZHsI41ZbviKQ8P0FZfMqIcFVjhIBPm7HZZGHET9yhnYzbJp+rMVn0n7OCk3snmRv4935WqXg9puqnVOgtMSDXMjNkTAag6+58ydXLYD43XY3I4s++VSuM6oCu7C+cNhn93Qy/qXUWWQzADNq5ZmQMP3IntPPPBPsk/90CN9Wqn+5APIXV1qcoQFjAYZalm7WcuJZI
16,"REVISED TIME TABLE OF EVEN  SEMESTER JAN JULY 2019 FOR ICE DEPT.Published By: MS MANISHA, INSTRUMENTATION AND CONTROL ENGINEERING",8/12/2018,https://www.imsnsit.org/imsnsit/plum_url.php?xY2d+JRQCkLUwPs+UwokHtZ3GL94yg3Fvndq+9jFKMUgSeQSUx2upG++jngk5z+7ATIkIARXuQu15vY8vRAcl1ucK+p+mMireVDwobpY07osdoP/JwRm24+I7iDOwbR3vP3MT89WGN71rgj89JMezmSvnPgR70c2QgkOAR82eTls7D7l98FBF+MLGLQA8AtDJA7DIrpVGPoNWVzO4XOMXZ7nldpZNAdn4WPS+MGRzcfodpcXG5aTbbCiPUcjalMp
17,"Notice towards Walk-in-interview for Guest Faculty for Even Semester commencing from 01.01.2019Published By:  PANKAJ AGGARWAL, UDC, ACADEMIC SECTION UG",7/12/2018,https://www.imsnsit.org/imsnsit/plum_url.php?8GLUcegJybrbdBBnAoJ+PtFXU2s9HDbnuwOw/afLWe7H+YHQkUQQ+aupEqzrWsSYJh7YXwcoATAMB5yHDln8hXqYuDRJyPZUnKa00ky1Sm/d03LgFhCUeAHEkkWaaCHiq6mZWQ0q3abmmiabu2KYEu6CENC4Rg3yMR3tqpIu3RSKlThmeZ7WktYW6vM/Du7HjXZaCdjOmpXbS3K2bV1MhHAX9j/H9If3atH3XO2t/6A=
18,"Time Table of FC006 Mathematics-II and FC00 Engish-II reappear sections of all departments of NSUTPublished By: Dr RITU SIBAL, COMPUTER ENGINEERING",7/12/2018,https://www.imsnsit.org/imsnsit/plum_url.php?wHqwOG8eUFI9koHFP/K6KsO64GHtPD9fmkq2s0OmWKr7femDOc92cZGjP9qIhI7HJ4hdyNwAykr7qcImVrY+nCzRhO0Yp7+XvoadYVJGdq/QLrjWwM8goC2A35l6CdbLgmKq0sh+ZSTW1NxneEOuiaJJselARHCImWZdCPH1eqN+85ncp6RP518DuzyDS7g5RP1iCgbCAED0tzkCG2DCIOplkp3jpYTwm6OYTZ+K/ND5xjbBmhqLTTmm1J5KI9G5IqTFc0dj0KaSrCQxfVntJKmdqKPjgS3OXlwuE7XmQGNlRsRd4FWrjHCBSzbQmGdo
19,"Revised Time Table for Even Semester 2019 of IT 2nd, 4th and 6th semestersPublished By: Mr DEVENDER KUMAR YADAV, INFORMATION TECHNOLOGY",6/12/2018,https://www.imsnsit.org/imsnsit/plum_url.php?qA/LpUd8mLRWGrFNgqh9IH4k9WXOz5htjui3t86ckp2cMgNOiUR+stcBOptt9N6j+MZ5YYiyZqPvA0sQUEJZv67vsSaNHapSypJOSa1VFJ5oif7HmkYdNWhDpr+F7JUvQWl0KKgaidAGv18+Fzvfdkxks9UcxEmar1V8aGfgNRTJFuvRxJAWaB2FQMQYuG4o
20,"Revised Time Table of Even Semester 2019 for MPAE/ Mechanical Engineering 2nd, 4th and 6th semestersPublished By: Dr ABHISHEK TEVATIA, ASSISTANT PROFESSOR, MANUFACTURING PROCESSES AND AUTOMATION ENGINEERING",5/12/2018,https://www.imsnsit.org/imsnsit/plum_url.php?0c3E6dMhkLYnpFVkgrsETAzeU5EKsT++PDXoBJAdNvrWluQV7iEy+zDzd25hT5Xbrd9VbkqA7wJsvuZxNRVx87/YWbdYl7W75y1ySEDURWhEtqMpPsa7sErs4hVaCK308Fnv6OoA+iXFV0L7kYA0XIlgwCXiefXdCBw73Y/2KTjvvZjaYDqKoejkveBhooNDb6ql2PkBW3W3GcqpuOxnzw==
21,"Viva-voce examination of IPR/International Eco. Environment (BT-410)Published By:  PANKAJ DESHWAL, ASSISTANT PROFESSOR, MANAGEMENT",5/12/2018,https://www.imsnsit.org/imsnsit/plum_url.php?ycUeFNH8d3rOjs6dPqfGb5BgpejSP6/8OpBVgSPjtTXWEyWuxol8nioKoVnugnGcxq44t5q6CZheqMdF2xN7TKgYfemuP/97H7fL9hU8BYga/1zKef6QR74AL/sNwkFU/AcDNoG7zfwhYx5sDjb8onFGa82Tb3UhEfbw7kfgi37JPpVUlGrgYLp7hOUiZdrLT8McG3+gBbmhrucJ+PAMOQ==
22,"Backlog Practical Exams in COE DivisionPublished By: Dr PINAKI CHAKRABORTY, ASSISTANT PROFESSOR, COMPUTER ENGINEERING",4/12/2018,https://www.imsnsit.org/imsnsit/plum_url.php?uiWLeaN8uzzZGX8OV+gC8LArXmOV50OwWkFhO6Vt2d6OJOy5gCBf305MOoHGQh3GOG6vAV6S6oLKqorkjK9fULSsqAtxr0fM+Jkw7ERYPGqO7J6XQxNNNJAahWWki99NWITVixiRKSJhjJbW16wQQCGzD3WiyT5mJ9Gg02l53JolvMr5US0QfqMPkRX1544+a1WOn5PL50BG+0gh4UUdnQ==
23,"Time Table of Even Semester 2019 for BSE Division (2nd, 4th and 6th Semester)Published By: DR YATENDER KUMAR, ASSISTANT PROFESSOR, BIO TECHNOLOGY",3/12/2018,https://www.imsnsit.org/imsnsit/plum_url.php?0X+gZqxhUiTiAU869erLH6psxY3yOLHBvka7m/tzFLUcEBaSgYzo/wGmqDVHUY5wO42mflJTLBoxvfMwpifUheik3mtFE0dGQQ4M8IA9USDw8ZsIPsDYBYU+rUrBx3QMm9DjJlu1WOn6rezMYEySS5Ret/OZ1V1gfgr1SRj/88GGoUAQY1w9E+ubRi5MbG/F0OmTPCkJpX3fq9vBYzl9nsbNBHC1Z5vTyAZEWtti/lUcUgDr3CLIaICUhOs6EPAb
24,"GUIDELINES FOR REGISTRATION  FOR NEXT EVEN SEMESTER.Published By: Prof SUJATA SENGAR, DEAN UG, ACADEMIC SECTION",3/12/2018,https://www.imsnsit.org/imsnsit/plum_url.php?VmLqnvgy3ehfVuciuaJJKTe1/f7Am6QHHfK9rTdwExbvOGYnUQ6Kd6HbzfNEosLsaTfYE5N4d/Xf3dnbb8Kv5jDlRd2Yhk1oNJQVw+hQCs5ec4YAGUGvguP5HK4UlbqwrV+jmLcAJjkzmFEzXaQWJmIaeNVTPcJIJ+Xn+ecLIAvT14bqGh1U2HBpltOMtJUxZQlm22gxl2PBr9jK5FnsdH2jXH7sonwCOKOrRcdCHi9aTx3TUoItXSbsS+xmiMBH
25,"Time Tables of even sem 2019 for COE 2nd, 4th and 6th semestersPublished By: Dr RITU SIBAL, COMPUTER ENGINEERING",1/12/2018,https://www.imsnsit.org/imsnsit/plum_url.php?uB1g9XIKl8RZv6uIUesUx2HkFnvaHih776aEnr46ZOUDPgE/AGyoqMAbHkAZRl8ssBtqOstIvLPZr/HTcSudPsJiI+AzzL4z1giZDVIw9Qs4jhkorw+jZNpL/iHLrF2vf3ytOWgW+rPpIADMe2ti9qyy9WD+yJJKNrZ50+A0KidtYvEX1bKvUJ8kysHIsDXURF7lAP0gnWxq6aiw7OFG6g8gEWTphxQQgOjEAYBYVrgVorTjCLQXzv9shvZwkKbgHfkr1231uBtwPdxYQKgBPw==
26,"Regarding Practical exam of BT306 (old scheme)Published By: Dr. SHILPA SHARMA, PRACTICAL INSTRUCTOR, BIOLOGICAL SCIENCES AND ENGINEERING",1/12/2018,https://www.imsnsit.org/imsnsit/plum_url.php?Vcj/1yzFynYfNDTbe48ab7RA5GmjcIm8TZeIn1Qr/+jRKAT8FRqjtjgzV6Ne/IVCcqESKs4oBdCvW7Ui/k50l/i88yPKbT4c0EctOrUN/78o6CMMyVH2I35VWfH/jfXW/CHFhwpBvmys3pzitcR3L4voM/Gj0gfMDAStV2/CgkdqY6NN0sHVZd7LgrJf/CXC
27,"Time Table for Even Semester 2019 for ICE Sem-2, Sem-4, Sem-6Published By: MS MANISHA, INSTRUMENTATION AND CONTROL ENGINEERING",1/12/2018,https://www.imsnsit.org/imsnsit/plum_url.php?giQkEXUAJGydCoZBgITql/uBu5wM1xUy4Ku/xwsG17bNM1hThjVtAJabFSC5WhLsfnXnSPWfBCw8kiIxJP6PNs++nOdiQ4EKIcJ1EZR/Kg+y91Pr23Q6QFtIAfF4isoEONu2zISud+gBIlQfnG0UzzK6oNix5qgOsH/U7DAvdB4MkSLFbODc/JAymI9SZb49540/CbHrCs/SKisyYblxRFgLuGPE5cq83T3r1KO1u9BB72PpRW/rsywio70QHRf2
28,"Time Table for Even Semester 2019 of IT Sem-2, Sem-4, Sem-6Published By: Mr. SATISH KUMAR SINGH, INFORMATION TECHNOLOGY",30-11-2018,https://www.imsnsit.org/imsnsit/plum_url.php?TnSp1V/UuUl718pOUZyFAG5ZJRptwvvZ8EKRECE9KaNnjtBj8wso8WoaJP+3J/F/yJlRgnEbS0ksT4mqQ44h+aNasF5j/4xR+uKqEUMqZ5nApsUPTrKGEe1+zGkuEKtNoSJ4TTq/BeCLh2zC5B9YpUiTHxETPdXisTTSPjAfUBiU6b+zhmQ2muN8SYvQJaHEVxwBjSMobJD1VbFUtk+Wsw==
29,"Notice for rescheduling of Practical Exam. : ECC-15 (III)Published By: Dr KUNWAR SINGH, PRACTICAL SUPERINTENDENT, ELECTRONICS AND COMMUNICATION ENGINEERING",30-11-2018,https://www.imsnsit.org/imsnsit/plum_url.php?Sx2kQ7ssK1zfgd2N3TUEm9lpIzyWCoc6qIGYJv0z6po6iIhzUSYuoOdb1gr4UGNFIMAjQpPGGFmjBzky6uTIDWS9sowp0/vLCwILh+42WAoRfr88asH+2KIaUOO/6HijdMf5w3HaA+tcTFuHbsPbzIdSUzXDr9Ug51NMg8YynlGBOWRkLcvRZ1nN+gAWvYCCGfC8wRJLFdyoE0AFbFjHVw==
30,"Datesheet for Backlog (Old Scheme) Practical Examinations :Division of ECEPublished By: Dr KUNWAR SINGH, PRACTICAL SUPERINTENDENT, ELECTRONICS AND COMMUNICATION ENGINEERING",30-11-2018,https://www.imsnsit.org/imsnsit/plum_url.php?BKRGRmDIbJ3Tf9s+b+rHluD0Gqup2Dkb/kWnbXmc1VHhrmMTVV25OCPZWXmnxXYCE+joXs6WXb4iJzC5E8lA+aTRg6NG0Fha5ONx56jo4gdcXdK6C/eFUbUDNAKzjtZqGq+xx+fzHtta8q2+CkAAsRIR2jRGnQYf8wlZN0wJXrjRSuJElPH0rmmNgeGMw6KTyxW2Rr9Rz9TZj0gB7+Xbtg==
31,"Important Notice for B.E. Students of first semesterPublished By: Mr HIMANSHU SINGHAL, CIMS",29-11-2018,https://www.imsnsit.org/imsnsit/plum_url.php?vNmHtFSToNZTAbVflcukJ2sXre+Sf8+meY4ap0/o/xkwpsJ6mvYZW7l5v6BWkDF8T96ftd1gJoKORBoz+dWLappksLYDkwcUAew9gQfaRqG5Exr5JpykO/XCQ0p7CyGv82p/BUc5Vt9hqYhl4PvW2YgAQcKRz3htx4JaH1hk7C7Xc6m3eXQq20GPvhJfggoNdxKvJlGQYpEOiox2ptSMr9pYb3vBdIucGp6YAWgfJIs=
32,"FE Courses Practical Date Sheet for Odd Sem Dec 2018Published By: Mr. AJAY KUMAR KATARIA, COORDINATOR, DEAN UG STUDIES",29-11-2018,https://www.imsnsit.org/imsnsit/plum_url.php?IhLX8GfFvoVQOqrHdn9sOHtukN1wNEW4Oxb559XPAE9qWLDgNGOpnWRcDAfGql3ekVy2TqgvrA/ORQ5CiCbQ7TEYtlFYb/rSDWdaBKl0IhqGBQHyp5OXTINvnI5kQF5mp5fTkIsA00cIqdH9uS+coQLxQLH1YtGluTAvSt6i5sHLfLATHEqzyrKmiDP8WM3ou0LGEKp/pJk7imMZKWrQGmqdcI9amLK1e8VKoBdliGU=
33,"DATE SHEET FOR CO/EC/IC 209, ME 208 and MA206 \r\npractical examination.Published By: Dr. A. V. MULEY, MANUFACTURING PROCESSES AND AUTOMATION ENGINEERING",28-11-2018,https://www.imsnsit.org/imsnsit/plum_url.php?WUfzIcA9a84UuIHwN+LJ0UDkU1NjBr2pD3eE7B8/FFaJndKO0W6Ia22bKm1k2KEA91NxrxnJ15lklnZzufyPqxq1KLVCbbDJlJ4mSzWcbbGU0ip+Qg/0UI5a70soHS+SY6AUsM93Sz9dbrnVjW8/32GsK7aWil4bcHqEaGwpe6+w6YMVo2ZsFkFpMnJti+zsBDNgzawchMqf7MIZqbGi7MrDP5Xa1FJOsW4wV9HYd0s=
34,"Two Week Short Term Course on Tools and Techniques for Modelling and Simulation(TTMS-2018)Published By:  ABHISHEK FAUJDAR, CIMS COORDINATOR2, CIMS",26-11-2018,https://www.imsnsit.org/imsnsit/plum_url.php?LvgGXXryrPY/77AAVBR4EybG9bgMHjZf+baH+eKlXmowjbcZnN8WXKKZckVH0zPyGA8lu4TFd6+tbwUhRWWRGbKghS9WukVDp4jGDxiAgjEfj9QMxzi8w/+UQLi0iifqH4NWkjLO/0BSSJ3UOjmEj75F9d/EITJlCtQhBk3IXtmZEsLmtKeupYnsPp0KNnG5XSP0E08OUJsvocYvOq1arw==
35,"Notice regarding Theory Examination EO004 and EO009Published By:  LAMBODAR MISHRA, DATA ENTRY OPERATOR, ACADEMIC SECTION",24-11-2018,https://www.imsnsit.org/imsnsit/plum_url.php?fQTLojY50nQePBfL4p+tcfDQKK5siZkiKz1D5o1mrSTrBIHeU+KfYd6qvZ+GjrHJRy/g0hiFbrxFCiZHhlZjXPzlsx5+T4tzsBrV8N1mMNVQMSYyTSeUzA2zGtySRPp+ZGNJTIhTZEpxvfxe/jR86vjIQbUQ9SBVewa66VqD6vq12hpZguD6DAI4e5zLwq4sXezGxjve32fTD8OLLr2s+Q==
36,"Revised Date Sheet of 5th Semester for End Sem Theory Exams (Nov-Dec 2018)Published By:  LAMBODAR MISHRA, DATA ENTRY OPERATOR, ACADEMIC SECTION",22-11-2018,https://www.imsnsit.org/imsnsit/plum_url.php?KdWz+qUselMIrGM7ThtwmpfE6oysciojO06Y049zGBoGKOP4sTxII2E0caSuBWsUMT2Fl+2EOf0xIPkl6qVgVjMCLTlcUXHQlTZ8jeKd9yr9BN8wgcdruBr5mmb7k1D64FipEoIcHcraWywW8poyXLfLaaKmGz3M0UxeecB0QdWEA+98a4mswyr4yrSiIyXtsgCW4mn0eW+T4Atxm3KqCw==
37,"Corrigendum for M.Tech Practical Exam of ICE Division (Process Control)Published By:  SHYAMA KANT JHA, PRACTICAL SUPERINTENDENT, INSTRUMENTATION AND CONTROL ENGINEERING",20-11-2018,https://www.imsnsit.org/imsnsit/plum_url.php?NikV8tt92K6JpcFVERcUKRvUxgLBAq1zTuqQQ/fq/2G0Y96KEat0a9jGe3l7FDYol381Odpwvs2lLSAQVnNAkY4NtQCDYKO7tg2j7qWIC9jFz48zqOa+sXW/Xw2ybrynNzntZR/6z8IZb3Kf400lQlg8hY+RpVUCCfPP+D62pejkloiFB2L4ob9sa3bRIZw0oxb29JeNZF79HsHGSRcmFA==
38,"Instructions for Invigilators in Theory ExaminationsPublished By:  LAMBODAR MISHRA, DATA PROCESSOR, ACADEMIC SECTION",18-11-2018,https://www.imsnsit.org/imsnsit/plum_url.php?ct/rmrV2I3wDfst6+V2IOCPUMs68oez7KvVGXP1usGCGBsZR+Ny1gnmPJ1tu4Yps/0J0xTTjD60S1sdAZZpbSoGs0FDijvNlse+xv95rnBg2rHGYAJBOUuY0dhzZlBjwOlk/NE5HTLuboTj9EKvHZVhifzKmLgwbMo60cj/uYIiCzV5GZxjvSt1On6IT/TKDlB8FcTY5YZIavqnXJpW6Gg==
39,"Revised Detention list of B.E. 7th Semester Students 2018-19Published By:  PANKAJ AGGARWAL, ACADEMIC SECTION UG",16-11-2018,https://www.imsnsit.org/imsnsit/plum_url.php?c8UUluH/RMxoOvL8dn3hm/99tPKQ6myoJ7l5qf9oi+ZePQvnRzqe138NW8gHCLt6YSumZxhXOeNAgBfmQ8u1J3wuV2owyDY6L3lhIvhM8FtGxFgReLDXyY8DL52ZTMl1LSxq3BQWOGABDKRwMmgwjaLv0aa772uKl1FyX4RBlVg/cyJhI9lis9ioWxDrFwJV
40,"Revised Detention list of B.E. 5th Semester Students 2018-19Published By:  PANKAJ AGGARWAL, ACADEMIC SECTION UG",16-11-2018,https://www.imsnsit.org/imsnsit/plum_url.php?NSRgvWLS1IjkWyFMgCmfsJnza9UhaDgmabnL2jkARVmvvUdG0xh6rPl04rpakF94egtXzYgNu4iP0qwOKb/xtR6AFuuFfB3iizYoLOTxaXcIy66f6cqTJsEIRrqDDYwxqspah57vO0BtmXv3aosM5Sm1Il1ROvEaVUjcjhIxh0JjHtBtCeW6NSPuPmrdp5xkUAdQNRNT93EJLVrn08x/Vw==
41,"Revised Detention list of B.E. 3rd Semester Students 2018-19Published By:  PANKAJ AGGARWAL, DEALING ASSISTANT-2, ACADEMIC SECTION UG",16-11-2018,https://www.imsnsit.org/imsnsit/plum_url.php?NRccA0juMSPkT7o9JojCMx8MsPwrOG3uMdRn0XuGl579VwOnuWhop53a3gEnu8o1DLXsouPnb0zGnNfNcsvLFMNOHLsHjiaHyClHSHGJatjamMxfW+/c65qkGfZprof7T84nlt4YigBMO4p0SnmShuTU6doqHEwwokNC1zpoZ52mREekE/yfZxTybaUoiLpV
42,"Revised Detention list of B.E. 1st Semester Students 2018-19Published By:  PANKAJ AGGARWAL, DEALING ASSISTANT-2, ACADEMIC SECTION UG",16-11-2018,https://www.imsnsit.org/imsnsit/plum_url.php?W0bZ0pX64reGkm4AQoFJkkbGmZyYPN2U7EGkgVcrOE4Y74vgchda7fuDznffXEFTSMFsL/SzfEPTmHQ0MGAF1w3oaURoYBUXYllOm/8cQ2zSOBfcxJYiIedrMtosLzzsPuaahmnnhXuBsDQaZJEjWumqDJKu587Af9Az80L1R0c/A0YvgIdCXy/I2ICehovA
43,"Revised Detention list of M.Tech. 3rd Semester Students 2018-19Published By:  PANKAJ AGGARWAL, DEALING ASSISTANT-2, ACADEMIC SECTION UG",16-11-2018,https://www.imsnsit.org/imsnsit/plum_url.php?W2LtdU95exwwmyrvgx0RvaWwKrZwuc3qbsdRNNoxWD/hpnU3t21Dran9T3N/ylSC+Fh8SBR6BE+avLfXIK96BQwHnvEi25tb/4xvKiBoKCHpDLZrKjfl/T0FX2e2V1g8mkjWtHoKJu5oSiK1EM97kSiGQwsCJzHJmgy7KebRex2PHUActsHkY6WydskWuzLEhBZGcoR1OI0qpXUM1k02/w==
44,"Invigilation Duty Chart Nov Dec 2018Published By:  KHUSHIL KUMAR SAINI, NSIT ADMIN, CIMS",16-11-2018,https://www.imsnsit.org/imsnsit/plum_url.php?3yGrXS9MW9AU15xwRgFSZLWP6KuzqdQfi/j1fBR50T1i6UBmzn9wqEobunSHzbu3ABo7nipfsbzY5Dc4wldsYN/ilfGdlxwLTsgu5oG2Jr9BmitrHtRC7X+6k2hY7ltNjAV0Q+IAO60c91FgB2cm9CC/MMBSFSlTYjSMxZiK5yaMKPRS7+Yisx0qUWi51Vdq4RPgYyxagZi8YdDz5tIV5u6rCfjxCYowbBqoL1Fwhlg=
45,"Backlog Exams of COE DivisionPublished By: Dr PINAKI CHAKRABORTY, COMPUTER ENGINEERING",15-11-2018,https://www.imsnsit.org/imsnsit/plum_url.php?fY0kz4OEMT8CED23DjXePlwsJ354XqqIADSOkCM6uYccrtlXniPBnPvZaPqdj85mBHBjKgKYwwrm9+ZgPFUumlA/za783MbDgwTBX3DyX5jvEZH5SycMmFi+Csa+m9RUaBBcbyDUNCLp00B15sobGO/wRdA85QdQiWDZ4VqDpt7hkfu1x28OLpeDZPpm6niI
46,"Important Notice for B.E. Students of 1st SemesterPublished By: Mr HIMANSHU SINGHAL, CIMS COORDINATOR1, CIMS",15-11-2018,https://www.imsnsit.org/imsnsit/plum_url.php?14x9tqSpmr5Ss32hZ98qxXlQLZdYMIHF8XLQDevLjoQU7b0NrZzCNgsM21uG7PW5A5mqZ6pRsHl53ZhdGVUJjnyZW+HNDFLu9K7dpb3p7hLa9bY4RSz+Otafp6SaLGfHNminugKP0NSqZbNE5CN6AqGXM/rFpAp2OmKh5pGg88sY3XeD9ho4H6aj72SaRtNdNwCeT/oX9SvkPz9EQuPRjAJU6UkWJ1LqDjjEX2LdJzA=
47,"M.Tech End Semester Exam Date Sheet Nov 2018Published By:  ABHISHEK FAUJDAR, CIMS COORDINATOR2, CIMS",15-11-2018,https://www.imsnsit.org/imsnsit/plum_url.php?4+buW9/h8leQ7uHjvSRD3QU17Tl1p9Ex6d9ykrLrlL0KjLM/5TfFKo19RQuNDF5Yq+UK6w4GOozMxGPb10VIbYsSYSbD78axPQ4s/Oj8vbSdXbRgwSS85SnKv+H/ETgwjHCaufvcvfabjLWV3cSQaD+KesaUyt8uIczBVxY5Kgr2vYPEtHvj8hFZ2SH7Tj3A3X5KTgNld+kAhZ265u2nspH75IQ85aHzMLof0mrn/QM=
48,"B.E End Semester Date Sheet Nov 2018Published By:  ABHISHEK FAUJDAR, INSTRUCTOR, ELECTRONICS AND COMMUNICATION ENGINEERING",15-11-2018,https://www.imsnsit.org/imsnsit/plum_url.php?hIwvVY74Mzetpa75h+uKi/zZOU+eidmqtOst19qzXs0kXvRq0KjIIxe2OeR4JDvLhKbDIVJOdUXYg9ClC2SuawJu30jjH6aSA60JfSuS4IlE+axvbuXI1VDtzouo+OoGeFyQ6mdKHAS19caMXlu8Q3uhJ7ZmOtVf4QbMOgaYztGMQc74dtdqcNvAV80jhorTrHDlaiAkv4zGExPiGgtgk3Hm+Rjxluh3i6QJEnPXnKJCE3+xoFWLO22j803GEcVSvGKaye9mzi8fzUCEnMExSA==
49,"Office Order: Regarding Phool Waalon Ki Sair on 15.11.18Published By: Mr HIMANSHU SINGHAL, CIMS",14-11-2018,https://www.imsnsit.org/imsnsit/plum_url.php?NE4K9h/JTNxRBU6hk/GTGk5tdpiGDOCvHJjHWkglDorRDQP/O0rCabEDFqOIbDn1Vz07boEYIPjs3G9pMkUX4EEs/v67z976utWQyabeQOAq5Is1FBOLHK9j+nb8EBbfHg6rsy5HzdfSjb+QQ98H5n36hJBEsdsKhHuW8XQwRynJY7I5UWaxMEc6oGZp3SpMt+CWELJ4w+GzrDRtME0RbQ==
